model_name,total_params,encoder_params,aggregation_params,head_params,mean_accuracy,std_accuracy,mean_macro_f1,std_macro_f1,mean_weighted_f1,std_weighted_f1,macro_f1_ci_low,macro_f1_ci_high,mean_best_epoch,n_success_runs,n_failed_runs,result_type,rank_by_macro_f1,rank_by_accuracy
channel_shared_posres_attention_v3,14742,2064,8193,4485,0.8216666666666668,0.08394773506308685,0.81082481387536,0.09561278754006769,0.81082481387536,0.09561278754006769,0.7644350120236636,0.8536918539514888,37.611111111111114,18,0,locked_3seed_full,1,1
feature_random_forest_v1,0,0,0,0,0.8055555555555555,0.09563949801335699,0.7845249924781911,0.1127832048348814,0.7845249924781912,0.11278320483488143,0.7317878001513041,0.8376471239011969,0.0,18,0,literature_extension_3seed_full,2,2
all_channel_conv1d_small,4181,4056,0,125,0.8044444444444445,0.1207946936942652,0.7740403941293481,0.15003005382963938,0.7740403941293481,0.15003005382963938,0.7025691524476092,0.842422439652029,26.0,18,0,locked_3seed_full,3,3
rescnn_bigru_attention_lite_v1,38934,22432,1585,2245,0.7944444444444444,0.09945530666933443,0.7691308145395062,0.12808431577741966,0.7691308145395062,0.12808431577741966,0.7076484203493665,0.8269764709391504,18.0,18,0,literature_extension_3seed_full,4,4
all_channel_conv1d_v1,16037,15712,0,325,0.783888888888889,0.1781740375428502,0.7531393987017094,0.20875422275948866,0.7531393987017094,0.2087542227594886,0.650168423737199,0.8429069579155765,17.72222222222222,18,0,locked_3seed_full,6,6
tcn_literature_v1,32069,31904,0,165,0.7561111111111111,0.18254798117782287,0.7150783911240796,0.22143355162705988,0.7150783911240796,0.22143355162705985,0.6089775470524388,0.8154748865333296,15.722222222222221,18,0,literature_extension_3seed_full,8,7
lee_style_cnn_lstm_2d_v1,62637,10728,0,2245,0.6622222222222222,0.16975654317468084,0.6268939297423978,0.2077630015513347,0.6268939297423979,0.20776300155133473,0.523712503243493,0.7165242396496089,37.0,18,0,literature_extension_3seed_full,9,9
cnn_lstm_literature_v1,15645,7032,0,165,0.5755555555555555,0.19012341670674582,0.5324827234303142,0.21657279636727989,0.5324827234303142,0.21657279636727989,0.4297629886454323,0.63338006687807,60.111111111111114,18,0,literature_extension_3seed_full,11,11
